                  epoch,         train/box_loss,         train/cls_loss,         train/dfl_loss,   metrics/precision(B),      metrics/recall(B),       metrics/mAP50(B),    metrics/mAP50-95(B),           val/box_loss,           val/cls_loss,           val/dfl_loss,                 lr/pg0,                 lr/pg1,                 lr/pg2
                      1,                 1.4534,                 4.2023,                 1.0703,                0.17734,                0.40185,                0.18751,                0.13639,                0.91778,                 2.2961,                0.89874,             5.9558e-05,             5.9558e-05,             5.9558e-05
                      2,                 1.1652,                 2.3621,                0.97645,                0.57603,                0.73924,                0.69709,                0.55107,                0.76151,                  1.279,                0.86948,             9.5618e-05,             9.5618e-05,             9.5618e-05
                      3,                 1.0978,                 1.6113,                0.96339,                0.77069,                0.87672,                0.88556,                0.67119,                0.81548,                0.88201,                0.88091,             0.00010805,             0.00010805,             0.00010805
                      4,                 1.0438,                 1.2536,                0.95366,                0.84156,                0.92098,                0.93326,                0.75378,                0.71697,                0.69802,                0.86197,             7.2674e-05,             7.2674e-05,             7.2674e-05
                      5,                 1.0071,                   1.08,                0.94795,                0.87347,                0.93765,                0.95329,                0.79817,                0.63465,                0.61517,                0.84699,             3.7232e-05,             3.7232e-05,             3.7232e-05
